Number Plate,Owner,Car Model
TN59NY4850,Sarah Miller,Toyota Fortuner
KA37UO3838,Emily Johnson,Mahindra Scorpio
MH58EE7099,Michael Davis,Honda City
AP89WC3838,Robert Miller,Mahindra Scorpio
DL84UV5448,Emily Miller,Honda City
TN77NO1321,Alex Garcia,Ford EcoSport
HR50TM4550,Alex Johnson,Maruti Swift
GJ71YW8183,Linda Garcia,Maruti Swift
PB21XW3341,Linda Davis,Mahindra Scorpio
PB88XZ6237,Sarah Brown,Ford EcoSport
TN53MF5101,Laura Doe,Toyota Fortuner
UP17KR6022,John Miller,Hyundai Creta
PB75KY4726,Michael Brown,Mahindra Scorpio
AP12VK9403,Laura Rodriguez,Toyota Fortuner
PB21IY6540,Linda Miller,Mahindra Scorpio
AP97AO5077,Laura Rodriguez,Chevrolet Beat
MH10BE6218,John Miller,Maruti Swift
KA83TP1271,John Davis,Maruti Swift
AP60FH9881,Sarah Miller,Hyundai Creta
AP33TD1610,Michael Doe,Toyota Fortuner
TN48LR4562,Jane Brown,Chevrolet Beat
AP51KC2602,Linda Brown,Audi A4
GJ19YZ8285,Michael Doe,Chevrolet Beat
KA25KA9084,John Doe,Toyota Fortuner
PB98QN6391,Robert Johnson,Honda City
AP25DP6333,Emily Williams,Ford EcoSport
HR32JA4262,Alex Miller,Ford EcoSport
KA23IP6090,Sarah Rodriguez,Toyota Fortuner
AP63QL9994,Laura Davis,Toyota Fortuner
UP50RQ3035,Michael Johnson,Tata Nexon
HR79UM7866,Linda Smith,BMW X5
MH57HA3687,Michael Williams,Ford EcoSport
DL89JM9917,Robert Davis,Audi A4
KA26AH8673,Emily Rodriguez,Hyundai Creta
TN62YZ9359,Emily Rodriguez,Audi A4
KA36OI1777,Sarah Rodriguez,Mahindra Scorpio
MH32UX7801,Sarah Doe,Maruti Swift
MH68YG9791,Michael Brown,Chevrolet Beat
GJ89UM4199,John Smith,Honda City
PB37PX4704,Linda Brown,Toyota Fortuner
MH42QP6204,David Brown,Toyota Fortuner
HR72CT7226,Laura Garcia,Audi A4
AP98RL8202,Alex Johnson,Audi A4
KA12JK7498,John Miller,Maruti Swift
TN25WG3453,Emily Doe,BMW X5
UP19BC5434,Robert Jones,Audi A4
GJ47IS6672,Laura Williams,Honda City
KA77VV8735,Michael Johnson,Maruti Swift
PB86FX7993,Emily Johnson,Mahindra Scorpio
TN10TY5881,John Rodriguez,BMW X5
UP60VG2948,Michael Rodriguez,Chevrolet Beat
MH69SP1956,Emily Jones,Maruti Swift
MH65VJ4985,David Doe,Hyundai Creta
UP61UH8678,Robert Jones,Hyundai Creta
KA94IZ8175,Michael Johnson,Chevrolet Beat
TN20EL7465,Linda Williams,BMW X5
TN53US1523,John Williams,Chevrolet Beat
HR72XO7738,John Williams,Toyota Fortuner
TN11ID1631,Linda Jones,Chevrolet Beat
GJ57BM5419,Emily Garcia,Toyota Fortuner
TN56KK1472,David Garcia,BMW X5
MH32MB1116,Laura Johnson,Audi A4
AP48EG3260,Linda Williams,Chevrolet Beat
DL53KU1362,David Jones,Maruti Swift
AP76WX8808,Michael Rodriguez,Ford EcoSport
KA36RI3862,Robert Jones,Hyundai Creta
MH46IA1359,Alex Doe,Chevrolet Beat
DL70AL2296,Jane Smith,Honda City
AP81ZQ6293,Jane Garcia,Honda City
UP10AY3482,David Miller,Toyota Fortuner
UP71QD5723,Alex Doe,Maruti Swift
KA70JC8323,Michael Garcia,Maruti Swift
GJ12GC7369,John Rodriguez,Ford EcoSport
UP76YK3078,Emily Brown,Chevrolet Beat
KA59SD2631,Robert Williams,BMW X5
GJ29XL1075,Emily Miller,Chevrolet Beat
UP44AZ9358,Sarah Rodriguez,Audi A4
HR30TC8792,Robert Smith,Hyundai Creta
KA63OE6221,David Davis,Ford EcoSport
TN37HK1259,Laura Brown,Chevrolet Beat
KA48YR4852,Linda Williams,Toyota Fortuner
KA41WU1268,Laura Doe,Chevrolet Beat
KA92OB5828,John Rodriguez,Maruti Swift
UP18CG9706,Linda Rodriguez,Hyundai Creta
PB46AT9228,John Williams,Maruti Swift
TN81FL2267,Alex Rodriguez,BMW X5
MH44MR5539,Sarah Williams,Mahindra Scorpio
PB86TD6312,Robert Smith,Hyundai Creta
KA87DN9125,Robert Williams,Tata Nexon
KA66AG6575,Emily Doe,BMW X5
DL99OT4735,Alex Rodriguez,Tata Nexon
TN96ZM1288,Jane Rodriguez,Maruti Swift
PB30UR4820,Linda Smith,Ford EcoSport
GJ81GO1250,John Smith,Chevrolet Beat
TN10IA1571,Robert Jones,Toyota Fortuner
KA39TI1442,Michael Garcia,BMW X5
MH69AU4627,David Miller,Audi A4
HR26HH2252,Emily Johnson,Audi A4
KA71FI4839,John Jones,Ford EcoSport
DL43ML5670,Michael Smith,Audi A4
GJ66GI9957,Michael Miller,BMW X5
AP65VB6842,Laura Smith,Tata Nexon
TN24QE5609,John Johnson,Audi A4
AP81GG7439,Jane Rodriguez,Chevrolet Beat
KA88BR2910,Emily Jones,Honda City
PB44CF1957,Sarah Williams,Maruti Swift
HR69AZ7142,John Jones,Toyota Fortuner
UP43OG5474,John Miller,Tata Nexon
PB80UK4374,Alex Miller,Hyundai Creta
PB67JB5814,Robert Garcia,Maruti Swift
PB67VN9585,Alex Davis,Honda City
MH22ON5453,John Davis,Honda City
GJ64WR9291,Laura Miller,Ford EcoSport
PB14NX4527,John Smith,Tata Nexon
GJ77JS5003,Alex Doe,Toyota Fortuner
PB35LV3342,Emily Miller,Honda City
PB39LN3102,Michael Rodriguez,Tata Nexon
DL76AC4107,Linda Miller,Audi A4
UP90TD8443,Robert Williams,Maruti Swift
TN17HY2414,Robert Smith,Hyundai Creta
MH35HR6315,John Doe,Tata Nexon
GJ61OM5264,Sarah Doe,Mahindra Scorpio
GJ91EA1982,Linda Garcia,Toyota Fortuner
MH41TJ2643,Laura Doe,Audi A4
UP67DU6121,Laura Johnson,Maruti Swift
MH85GO4276,Emily Johnson,Toyota Fortuner
MH70WO2370,Alex Garcia,Ford EcoSport
TN15IT2602,Laura Davis,Mahindra Scorpio
AP99XP1313,John Jones,Hyundai Creta
TN15EJ9505,John Davis,Tata Nexon
HR88UD2877,Robert Doe,Chevrolet Beat
MH29EO1596,Jane Williams,Honda City
DL95HN4393,Alex Brown,Hyundai Creta
MH80OQ5098,Jane Garcia,Hyundai Creta
TN41PY3977,Laura Miller,Tata Nexon
GJ39GE2790,Emily Rodriguez,BMW X5
HR23HN9100,Sarah Garcia,Hyundai Creta
DL15TF3031,Linda Jones,Chevrolet Beat
PB97BL2823,Emily Miller,Honda City
UP69KZ1434,Emily Williams,Ford EcoSport
GJ60OJ8075,Jane Jones,Audi A4
KA60CP2525,Michael Rodriguez,Hyundai Creta
AP29HX1942,Robert Miller,Toyota Fortuner
AP58VK1039,Alex Doe,BMW X5
UP30HE3099,Robert Williams,Audi A4
KA97CD5216,Linda Brown,Maruti Swift
MH13OD4076,Jane Williams,Toyota Fortuner
HR48UW4011,Emily Doe,Maruti Swift
PB37GS7513,Michael Davis,Mahindra Scorpio
AP23FZ5084,John Williams,Mahindra Scorpio
MH95TU1439,Robert Smith,Ford EcoSport
MH61HH9479,Jane Brown,Honda City
KA70AJ8662,Laura Williams,BMW X5
MH57DX9625,Laura Brown,Maruti Swift
AP97IF1812,Jane Williams,Maruti Swift
AP65GC6280,Jane Doe,Mahindra Scorpio
GJ15WK1519,John Miller,Hyundai Creta
GJ76HG7064,Laura Garcia,Honda City
AP94MH8161,Michael Williams,Audi A4
TN47JW8362,David Davis,Chevrolet Beat
DL20UV2558,Emily Davis,Honda City
KA87FF5893,Jane Garcia,Tata Nexon
TN30II9385,Jane Davis,Honda City
AP37IH6847,Robert Johnson,Tata Nexon
KA38XC3650,Robert Garcia,Ford EcoSport
PB95ZX5732,Linda Johnson,Chevrolet Beat
TN41SS9456,Linda Johnson,Tata Nexon
KA66VO5601,Alex Jones,Chevrolet Beat
DL61SB6292,Jane Rodriguez,BMW X5
GJ54NE7172,Jane Jones,Maruti Swift
MH54MQ1815,Emily Williams,Honda City
HR81QT5463,John Smith,Tata Nexon
AP73EU3087,Jane Rodriguez,Ford EcoSport
TN18DP2352,David Miller,Honda City
DL56QA4998,Laura Brown,Maruti Swift
AP86CE6579,Robert Johnson,Tata Nexon
KA95RP6444,David Jones,Ford EcoSport
KA88VK4655,Michael Garcia,Audi A4
UP64XZ1935,Robert Brown,Tata Nexon
AP43TH7283,Michael Miller,Hyundai Creta
GJ18SV5844,Michael Brown,Honda City
GJ85HC6420,John Smith,Ford EcoSport
AP41SG7020,Linda Garcia,Tata Nexon
PB27FW4455,Michael Miller,Honda City
DL70HK8135,Alex Rodriguez,Tata Nexon
HR90NZ6468,Michael Miller,Maruti Swift
PB17VX1459,Alex Williams,Honda City
AP74GN2758,Sarah Davis,Mahindra Scorpio
KA76YB6183,Emily Miller,Hyundai Creta
MH20FJ4602,Michael Garcia,Honda City
GJ55VM6299,Laura Doe,BMW X5
AP49TU2305,Michael Johnson,Ford EcoSport
KA69LS6536,John Brown,Hyundai Creta
TN44NJ8678,Alex Garcia,Toyota Fortuner
TN96HW4401,Alex Miller,Hyundai Creta
DL34QI6124,John Jones,Audi A4
GJ16BF5880,Michael Garcia,Chevrolet Beat
AP91YF8797,Robert Davis,Chevrolet Beat
TN58CD9397,Alex Smith,BMW X5
AP58MU3920,Emily Williams,Mahindra Scorpio
DL22VK5296,Laura Davis,Maruti Swift
PB63PM1292,Robert Doe,Audi A4
PB37PP4124,Sarah Miller,BMW X5
HR99SR8613,Michael Garcia,BMW X5
AP56HA8700,David Davis,BMW X5
TN23HM2982,Jane Davis,BMW X5
TN50LM4313,Laura Jones,Toyota Fortuner
GJ33OX3373,Emily Williams,Toyota Fortuner
MH58IY3297,Michael Williams,Audi A4
KA77BN3990,Michael Brown,Honda City
UP99UI8706,John Johnson,Honda City
UP35FT9871,Sarah Johnson,Maruti Swift
AP42ZG9851,Emily Rodriguez,Audi A4
MH25WV6201,Sarah Jones,Mahindra Scorpio
MH67QB2116,Emily Garcia,Mahindra Scorpio
HR40QZ1320,Sarah Smith,Mahindra Scorpio
HR89SQ3288,Jane Garcia,Chevrolet Beat
AP65MF3857,Emily Miller,BMW X5
KA55CJ7579,Emily Rodriguez,Chevrolet Beat
PB70MO4594,Robert Miller,Audi A4
GJ38UN3053,Sarah Miller,Chevrolet Beat
AP73HF3551,Michael Davis,Audi A4
TN88ZM8563,John Smith,Maruti Swift
HR12CF2126,Alex Davis,Mahindra Scorpio
HR14SF5806,Michael Johnson,Hyundai Creta
HR28OB5667,Jane Miller,Honda City
PB22ZM1202,John Miller,Honda City
AP39MG4317,Alex Johnson,Honda City
PB24EU7521,Jane Rodriguez,Honda City
UP35SA5307,Jane Miller,BMW X5
TN81UE7408,Sarah Jones,Tata Nexon
TN54UZ3073,Linda Miller,Hyundai Creta
UP85ET1014,Michael Williams,Audi A4
HR89TI4074,Robert Davis,Audi A4
AP37HV9477,Emily Jones,Chevrolet Beat
KA94AR9882,Robert Garcia,BMW X5
GJ49XL8984,Linda Miller,Tata Nexon
GJ77KP9072,Sarah Rodriguez,Audi A4
PB52DJ4651,Alex Doe,Chevrolet Beat
TN44KS3345,Jane Johnson,Mahindra Scorpio
PB18RQ4534,Robert Rodriguez,Hyundai Creta
MH56WX2558,Linda Johnson,Tata Nexon
TN94DE9768,Emily Rodriguez,Tata Nexon
AP32EG5073,Michael Rodriguez,Hyundai Creta
MH48LZ6472,Laura Jones,Audi A4
PB65BT5056,John Jones,Audi A4
AP14UO9793,David Jones,Maruti Swift
UP96RP5294,Alex Smith,Maruti Swift
TN53CI8119,Linda Miller,Hyundai Creta
TN85XW1875,Linda Smith,BMW X5
AP81DQ4302,Alex Jones,Maruti Swift
HR69NS6266,Robert Doe,Maruti Swift
UP86CG6124,John Doe,Chevrolet Beat
KA96JR9707,Michael Davis,Toyota Fortuner
TN14RT8907,Robert Miller,Tata Nexon
AP78JT5113,John Williams,Maruti Swift
TN47ZP7696,John Doe,BMW X5
UP45MX6965,Michael Smith,Maruti Swift
HR53BT5537,Alex Williams,Mahindra Scorpio
HR80KR1721,Laura Davis,Ford EcoSport
TN35CM6232,Jane Jones,Hyundai Creta
MH49PY1706,Alex Williams,Audi A4
HR56IT4652,Alex Jones,Mahindra Scorpio
HR82QK5002,Michael Johnson,Tata Nexon
HR93AH5706,Laura Davis,BMW X5
AP78YX1265,David Smith,Ford EcoSport
KA80TT5944,Emily Smith,Ford EcoSport
PB84MM6529,Michael Brown,Honda City
AP24LI6377,Laura Johnson,BMW X5
KA46MU1591,Michael Davis,Tata Nexon
DL64SV5959,Robert Doe,Mahindra Scorpio
MH52CZ9573,Jane Smith,Hyundai Creta
MH49OO2289,Linda Davis,Audi A4
TN35LJ3714,John Rodriguez,Chevrolet Beat
HR85SZ6053,John Rodriguez,Audi A4
UP92AP9130,Alex Jones,Audi A4
MH24LQ1596,Robert Miller,BMW X5
HR26SS7117,David Smith,Toyota Fortuner
GJ37SV7041,Michael Doe,Tata Nexon
UP44EM8254,Alex Davis,Maruti Swift
HR31DK8623,Robert Doe,Ford EcoSport
AP38PJ9251,John Davis,Toyota Fortuner
GJ81CS9278,Laura Garcia,Audi A4
HR10IR9561,Sarah Doe,Audi A4
DL56HD5231,Michael Williams,Honda City
TN35IR8430,John Garcia,Chevrolet Beat
TN41BK9761,Linda Jones,Chevrolet Beat
DL50WN3469,Sarah Johnson,Audi A4
DL42XB3776,Michael Garcia,Ford EcoSport
PB14SO9101,Robert Doe,Honda City
AP71WT9928,Jane Jones,Hyundai Creta
TN29UC1313,Laura Johnson,Hyundai Creta
DL16SC7424,Linda Jones,Maruti Swift
GJ43VA4319,Jane Davis,Tata Nexon
HR53VM5029,John Davis,Hyundai Creta
MH69BP2275,Robert Williams,Maruti Swift
PB52UV8135,Jane Garcia,Toyota Fortuner
PB80QE3075,Sarah Williams,Tata Nexon
KA30VL3370,John Johnson,Audi A4
GJ53DL2242,Sarah Smith,Honda City
PB20CB1393,Robert Garcia,Maruti Swift
TN99FK2831,Laura Garcia,Hyundai Creta
UP48CP8332,David Davis,Maruti Swift
TN91UY1545,John Rodriguez,Chevrolet Beat
DL32LT2428,Sarah Rodriguez,Honda City
KA15YF7857,Laura Williams,Hyundai Creta
TN72LZ3368,Michael Davis,Ford EcoSport
PB73MC8090,David Rodriguez,Honda City
KA17JC8233,Emily Doe,Chevrolet Beat
DL47UD4719,Sarah Miller,Hyundai Creta
GJ91DS9516,Emily Smith,Tata Nexon
AP93BR5398,Robert Brown,Ford EcoSport
PB65WV8264,Michael Jones,Honda City
MH86RQ3822,David Garcia,Tata Nexon
DL40UK1180,David Jones,BMW X5
MH77CC1929,Jane Smith,Ford EcoSport
PB93LE6531,Linda Davis,Toyota Fortuner
UP40JB6687,David Williams,Chevrolet Beat
HR45WV3364,Alex Brown,Chevrolet Beat
MH24GE2200,Sarah Miller,Audi A4
TN80GI9044,Jane Jones,Hyundai Creta
AP97HO7394,Michael Davis,Mahindra Scorpio
DL43RL8626,Emily Smith,Maruti Swift
AP19JX4849,Alex Rodriguez,Ford EcoSport
PB85PU9103,Emily Williams,Tata Nexon
KA58GF4397,David Rodriguez,Honda City
DL61RJ8273,Alex Garcia,Chevrolet Beat
GJ68FK1131,Emily Miller,Toyota Fortuner
UP42KS5339,David Williams,Mahindra Scorpio
TN20HE8561,Michael Davis,Tata Nexon
PB92BK7863,Michael Brown,Maruti Swift
DL44CK8102,Alex Garcia,Mahindra Scorpio
PB39JG9262,Jane Jones,Mahindra Scorpio
KA82QZ6417,Alex Doe,Honda City
DL74HU6592,Linda Rodriguez,Mahindra Scorpio
GJ53XR6065,John Williams,Honda City
DL23KV9356,Jane Garcia,Ford EcoSport
KA18BV2153,Linda Miller,Toyota Fortuner
DL77CD7462,Alex Garcia,Toyota Fortuner
TN31BJ9483,Sarah Rodriguez,Maruti Swift
PB39TZ4672,John Garcia,Hyundai Creta
KA86IV2892,Emily Rodriguez,Mahindra Scorpio
KA65JS9518,Alex Doe,Toyota Fortuner
HR15UN4548,Jane Johnson,Hyundai Creta
KA23DC6640,Jane Doe,Chevrolet Beat
AP72AA2179,Laura Johnson,Mahindra Scorpio
GJ73EO9794,David Brown,BMW X5
GJ25CV4089,Linda Rodriguez,Hyundai Creta
KA97ZT1667,Jane Garcia,Tata Nexon
TN43FP8618,Linda Williams,Chevrolet Beat
KA66JS4414,Laura Miller,Audi A4
AP26YC1839,David Johnson,Mahindra Scorpio
DL14HK3440,Jane Rodriguez,Mahindra Scorpio
GJ55IN9771,Linda Garcia,Chevrolet Beat
HR44IT2276,Sarah Jones,Tata Nexon
MH63DH2803,Linda Brown,Mahindra Scorpio
UP45BS8804,Laura Smith,Ford EcoSport
PB99WG5464,Robert Doe,Chevrolet Beat
AP64HL4708,Linda Jones,Hyundai Creta
HR88QL3437,Robert Jones,Maruti Swift
HR23VD3800,John Jones,Tata Nexon
DL67EK1518,Jane Johnson,Mahindra Scorpio
DL45UQ9684,David Doe,Tata Nexon
TN15XS6534,Alex Williams,Ford EcoSport
HR94YF6490,Sarah Garcia,BMW X5
PB31PO4867,Sarah Williams,Tata Nexon
AP62VG9003,Michael Garcia,Maruti Swift
TN78UM9094,David Garcia,Mahindra Scorpio
KA44FQ9241,Robert Miller,Honda City
GJ68RI5758,Jane Davis,Ford EcoSport
GJ34KP6073,Linda Miller,Hyundai Creta
DL10KB3881,Linda Garcia,Mahindra Scorpio
KA64ZD7985,Linda Rodriguez,Chevrolet Beat
HR74PW9510,Robert Williams,Audi A4
KA65PE8890,Alex Brown,BMW X5
PB42MJ6754,Michael Miller,Ford EcoSport
GJ14FC3121,David Rodriguez,Toyota Fortuner
AP11RP8815,Laura Garcia,Mahindra Scorpio
UP53IE6634,Emily Rodriguez,Honda City
GJ30ER8640,David Rodriguez,Ford EcoSport
UP28QP4141,Alex Garcia,Tata Nexon
UP59MM4023,Jane Jones,Tata Nexon
UP43JS1330,Michael Smith,Ford EcoSport
TN84OX7384,Sarah Johnson,Maruti Swift
KA73QI1941,Sarah Garcia,Tata Nexon
KA53OP5029,David Davis,Audi A4
HR41PU8348,Michael Davis,Maruti Swift
TN73JM5180,David Davis,Ford EcoSport
TN33BA2753,Michael Doe,Maruti Swift
UP14ES6488,Alex Rodriguez,BMW X5
GJ53DO4866,Linda Johnson,Hyundai Creta
HR96FX8683,Emily Williams,Chevrolet Beat
HR12AK9064,John Smith,Tata Nexon
HR99FS8001,Linda Smith,Ford EcoSport
HR13JO5140,John Brown,Maruti Swift
PB46QS3003,Linda Brown,Chevrolet Beat
KA31NA7403,Sarah Brown,BMW X5
TN66DA2772,Sarah Williams,Chevrolet Beat
HR49BN4480,Robert Jones,Hyundai Creta
PB50LP8543,David Garcia,Toyota Fortuner
GJ36HO2567,Robert Smith,Mahindra Scorpio
TN32YE8874,Jane Rodriguez,Hyundai Creta
TN68ZW7794,Emily Rodriguez,Maruti Swift
GJ45TF3422,Jane Miller,Honda City
AP89BE5547,Robert Williams,Honda City
TN20GT1674,Laura Jones,Tata Nexon
PB19KW9914,Robert Smith,BMW X5
KA13LT9386,Alex Doe,Chevrolet Beat
UP74HW4446,Laura Williams,Maruti Swift
DL89TW7122,John Jones,Audi A4
UP33DK2833,Alex Doe,Maruti Swift
UP73CA3432,Sarah Brown,Audi A4
PB68JX5146,Sarah Doe,Hyundai Creta
AP73YC9438,Michael Rodriguez,Ford EcoSport
DL48CN3165,Jane Davis,Audi A4
AP57WW9947,Michael Smith,Audi A4
GJ21NO4687,Michael Miller,Chevrolet Beat
HR94LH4704,Robert Williams,Ford EcoSport
AP93ON5912,Linda Smith,Audi A4
UP39DM5910,Laura Jones,Tata Nexon
GJ94HA3465,John Doe,Ford EcoSport
DL27OD8012,Robert Smith,Maruti Swift
UP31BR8744,Emily Johnson,Maruti Swift
PB39VF5734,Emily Brown,Audi A4
PB23FK3136,Emily Smith,Toyota Fortuner
PB60IC5275,Sarah Davis,Toyota Fortuner
UP43IB2079,John Garcia,Maruti Swift
KA42GG4973,Laura Davis,Tata Nexon
AP82WM2719,Laura Garcia,Mahindra Scorpio
TN47JX1171,John Doe,Ford EcoSport
KA29FC1454,Robert Miller,Tata Nexon
PB60FI7684,John Johnson,BMW X5
UP27QD2350,Sarah Miller,Chevrolet Beat
AP62IH5273,Michael Garcia,Chevrolet Beat
KA25BR6651,Laura Garcia,Audi A4
UP94YF3814,Laura Brown,Ford EcoSport
AP38ZZ1613,David Brown,BMW X5
TN90ND5634,Alex Miller,Ford EcoSport
KA20UG9871,Sarah Brown,Mahindra Scorpio
KA87AK3363,Alex Brown,Mahindra Scorpio
TN53WH6457,Robert Davis,Ford EcoSport
KA67QF9537,Emily Rodriguez,Honda City
PB12BL9829,Alex Doe,Maruti Swift
MH99BY4467,John Brown,Toyota Fortuner
GJ13JG1765,Robert Miller,Audi A4
HR40AV6628,David Smith,BMW X5
DL44HH7225,Jane Jones,Hyundai Creta
AP89AG8615,Robert Rodriguez,Ford EcoSport
HR90UX2913,Emily Brown,Mahindra Scorpio
GJ47UZ2929,John Smith,Tata Nexon
PB19QU9626,John Garcia,Ford EcoSport
DL79VQ4842,Alex Davis,Honda City
AP58FR5415,Alex Davis,Honda City
HR38OC4001,Alex Miller,Hyundai Creta
MH17TH1401,Robert Davis,Audi A4
DL20IR3235,Laura Brown,Maruti Swift
GJ73TE6646,Alex Garcia,Maruti Swift
AP27TH1719,Linda Doe,Maruti Swift
MH37AV9315,Alex Brown,Hyundai Creta
HR55EA7173,Alex Doe,Ford EcoSport
UP64PG4489,Linda Brown,Honda City
HR49IO3896,Alex Brown,BMW X5
AP56QC1329,Emily Brown,Maruti Swift
MH99YZ1050,Jane Davis,Chevrolet Beat
PB39VW1530,Sarah Davis,Hyundai Creta
MH13ZS8684,Linda Brown,Maruti Swift
AP64ZH8013,Laura Doe,Maruti Swift
MH12AH1807,Michael Rodriguez,Honda City
UP78NB2746,Emily Jones,Chevrolet Beat
DL92BA2316,Laura Johnson,Ford EcoSport
UP50MV4746,Linda Brown,Mahindra Scorpio
HR89WG3874,Michael Jones,Ford EcoSport
HR92ZS4364,Jane Miller,Chevrolet Beat
KA62JH4684,Michael Smith,Maruti Swift
GJ53NF3733,Laura Williams,Honda City
HR88AG1974,Robert Jones,Mahindra Scorpio
UP73NP6573,John Miller,Chevrolet Beat
AP55YB6896,Robert Davis,Ford EcoSport
GJ56QE8440,Robert Rodriguez,Chevrolet Beat
PB32PP2965,Emily Jones,Honda City
PB11RQ6604,Sarah Smith,Audi A4
PB52MY9317,Sarah Johnson,Honda City
DL80NH1579,Sarah Rodriguez,Tata Nexon
TN67PA8848,Jane Brown,Tata Nexon
KA96ZK7762,Alex Doe,Hyundai Creta
KA24NO9665,Robert Davis,Tata Nexon
GJ51HI7912,David Davis,Ford EcoSport
TN22ZX9972,Jane Brown,Hyundai Creta
MH90LL2521,John Johnson,Tata Nexon
TN77BE9256,Robert Johnson,Chevrolet Beat
KA46RY3656,John Rodriguez,Mahindra Scorpio
AP32ZB6432,Emily Johnson,Ford EcoSport
KA26JE3361,Alex Miller,Tata Nexon
HR32XZ3311,David Williams,Honda City
HR83PW1251,David Miller,Audi A4
MH39SJ8687,Emily Miller,Chevrolet Beat
HR61EP1604,Alex Jones,Chevrolet Beat
MH74JW2644,David Davis,Maruti Swift
MH33LF6589,John Smith,Audi A4
GJ62HD4033,Michael Miller,Toyota Fortuner
